filename,status,attempts,error
كيمياء-اليمن 3ث (1).pdf,success,1,
أحياءالأنشطة .pdf,success,1,
فيزياء3ث أنشطة.pdf,success,1,
انجليزي3ث تمارين.pdf,success,1,
رياضيات3ث تمارين.pdf,success,1,
فيزياء3ث (1).pdf,success,1,
رياضيات 3ث علمي.pdf,success,1,
الأحياء3ث.pdf,error,1,PDF encoding failed.
الأحياء3ث.pdf,error,2,PDF encoding failed.
الأحياء3ث.pdf,error,3,PDF encoding failed.
الأحياء3ث.pdf,error,4,PDF encoding failed.
الأحياء3ث.pdf,error,5,PDF encoding failed.
الراشد في الجبر والهندسة ثالث ثانوي علمي  .pdf,success,1,
كيمياء أنشطة3ث.pdf,success,1,
الانجليزي ثالث ثانوي اليمن_الامجاد التعليمي.pdf,success,1,
الأحياء3ث.pdf,error,1,PDF encoding failed.
الأحياء3ث.pdf,error,2,PDF encoding failed.
الأحياء3ث.pdf,error,3,PDF encoding failed.
الأحياء3ث.pdf,error,4,PDF encoding failed.
الأحياء3ث.pdf,error,5,PDF encoding failed.
الأحياء3ث.pdf,success,1,
